{ 
    "base_link":{ 
    "name":"base_link_1",
    "mass":1.8752543999999998,
    "center_of_mass":[ 
    0.0,
    0.0,
    0.030000000000000006
    ],
    "getXYZMomentsOfInertia":[ 
    105.17051760000004,
    58.607950848000044,
    118.772362848,
    -2.842170943040401e-14,
    1.4210854715202004e-14,
    0.0
    ],
    "inertia":[ 
    0.008829322800000003,
    0.004173066124800003,
    0.0118772362848,
    -2.842170943040401e-18,
    1.4210854715202004e-18,
    0.0
    ],
    "calculate_getMOI_COM":[ 
    8829322.800000003,
    4173066.124800003,
    11877236.2848,
    -2.8421709430404007e-09,
    1.4210854715202004e-09,
    0.0
    ],
    "MOI_principal":[ 
    0.010517051760000003,
    0.005860795084800004,
    0.0118772362848,
    0.0,
    0.0,
    0.0
    ],
    "getPrincipalMomentsOfInertia":[ 
    105.17051760000004,
    58.607950848000044,
    118.772362848
    ],
    "radius_of_gyration":[ 
    7.488880646220326,
    5.590468078196437,
    7.958433681740815
    ]
    },
    "FR_1":{ 
    "name":"FR_1",
    "mass":0.16964600329384877,
    "center_of_mass":[ 
    0.10999999999999999,
    -0.1,
    0.015000000000000019
    ],
    "getXYZMomentsOfInertia":[ 
    17.876447597089303,
    21.3187063755909,
    37.90160319756463,
    18.66106036232336,
    2.544690049407735,
    -2.799159054348508
    ],
    "inertia":[ 
    5.301437602932605e-05,
    4.098364696240387e-05,
    4.098364696240517e-05,
    -2.168404344971009e-19,
    0.0,
    0.0
    ],
    "calculate_getMOI_COM":[ 
    53014.37602932605,
    40983.646962403865,
    40983.64696240517,
    -2.1684043449710089e-10,
    0.0,
    0.0
    ],
    "MOI_principal":[ 
    4.7494732088869415e-05,
    0.0038338503144380353,
    0.0038283306704975793,
    0.0,
    0.0,
    0.0
    ],
    "getPrincipalMomentsOfInertia":[ 
    0.4749473208886941,
    38.338503144380354,
    38.28330670497579
    ],
    "radius_of_gyration":[ 
    1.6732117466637748,
    15.033003551657917,
    15.022178048915986
    ]
    },
    "BR_1":{ 
    "name":"BR_1",
    "mass":0.16964600329384888,
    "center_of_mass":[ 
    0.10999999999999999,
    0.1,
    0.014999999999999984
    ],
    "getXYZMomentsOfInertia":[ 
    17.876447597089317,
    21.31870637559091,
    37.901603197564654,
    -18.661060362323376,
    -2.544690049407731,
    -2.7991590543485034
    ],
    "inertia":[ 
    5.30143760293267e-05,
    4.09836469624043e-05,
    4.098364696240517e-05,
    0.0,
    -5.421010862427522e-20,
    -5.421010862427522e-20
    ],
    "calculate_getMOI_COM":[ 
    53014.3760293267,
    40983.6469624043,
    40983.64696240517,
    0.0,
    -5.421010862427522e-11,
    -5.421010862427522e-11
    ],
    "MOI_principal":[ 
    4.7494732088869564e-05,
    0.0038338503144380374,
    0.0038283306704975806,
    0.0,
    0.0,
    0.0
    ],
    "getPrincipalMomentsOfInertia":[ 
    0.4749473208886956,
    38.338503144380375,
    38.28330670497581
    ],
    "radius_of_gyration":[ 
    1.673211746663777,
    15.033003551657917,
    15.022178048915984
    ]
    },
    "BL_1":{ 
    "name":"BL_1",
    "mass":0.16964600329384877,
    "center_of_mass":[ 
    -0.11000000000000001,
    0.1,
    0.01499999999999999
    ],
    "getXYZMomentsOfInertia":[ 
    17.876447597089303,
    21.318706375590914,
    37.90160319756465,
    18.66106036232337,
    -2.5446900494077296,
    2.7991590543485034
    ],
    "inertia":[ 
    5.3014376029326266e-05,
    4.098364696240517e-05,
    4.0983646962406035e-05,
    -2.168404344971009e-19,
    5.421010862427522e-20,
    5.421010862427522e-20
    ],
    "calculate_getMOI_COM":[ 
    53014.37602932627,
    40983.64696240517,
    40983.646962406034,
    -2.1684043449710089e-10,
    5.421010862427522e-11,
    5.421010862427522e-11
    ],
    "MOI_principal":[ 
    4.7494732088869245e-05,
    0.0038338503144380374,
    0.0038283306704975815,
    0.0,
    0.0,
    0.0
    ],
    "getPrincipalMomentsOfInertia":[ 
    0.47494732088869246,
    38.338503144380375,
    38.283306704975814
    ],
    "radius_of_gyration":[ 
    1.673211746663772,
    15.033003551657922,
    15.022178048915992
    ]
    },
    "FL_1":{ 
    "name":"FL_1",
    "mass":0.16964600329384877,
    "center_of_mass":[ 
    -0.11000000000000001,
    -0.1,
    0.015000000000000015
    ],
    "getXYZMomentsOfInertia":[ 
    17.876447597089303,
    21.318706375590914,
    37.90160319756465,
    -18.66106036232337,
    2.5446900494077345,
    2.7991590543485083
    ],
    "inertia":[ 
    5.301437602932605e-05,
    4.0983646962404734e-05,
    4.0983646962406035e-05,
    2.168404344971009e-19,
    0.0,
    5.421010862427522e-20
    ],
    "calculate_getMOI_COM":[ 
    53014.37602932605,
    40983.64696240473,
    40983.646962406034,
    2.1684043449710089e-10,
    0.0,
    5.421010862427522e-11
    ],
    "MOI_principal":[ 
    4.7494732088869076e-05,
    0.0038338503144380383,
    0.0038283306704975806,
    0.0,
    0.0,
    0.0
    ],
    "getPrincipalMomentsOfInertia":[ 
    0.47494732088869074,
    38.33850314438038,
    38.28330670497581
    ],
    "radius_of_gyration":[ 
    1.673211746663769,
    15.033003551657922,
    15.02217804891599
    ]
    }
    }